{"cameraMode":{"drawMode":0,"name":"Shaded","section":"Shading Mode"},"sceneLighting":false,"audioPlay":false,"sceneViewState":{"showFog":true,"showMaterialUpdate":false,"showSkybox":false,"showFlares":true,"showImageEffects":true,"showParticleSystems":true},"in2DMode":false,"pivot":{"x":13.779999732971192,"y":0.9100000858306885,"z":40.86000061035156},"rotation":{"x":0.014744080603122712,"y":0.9641993045806885,"z":-0.25908616185188296,"w":0.0552823469042778},"size":4.041658401489258,"orthographic":false}