{"cameraMode":{"drawMode":0,"name":"Shaded","section":"Shading Mode"},"sceneLighting":true,"audioPlay":false,"sceneViewState":{"showFog":true,"showMaterialUpdate":false,"showSkybox":true,"showFlares":true,"showImageEffects":true,"showParticleSystems":true},"in2DMode":false,"pivot":{"x":118.86065673828125,"y":1.5217742919921876,"z":29.46625518798828},"rotation":{"x":0.046065978705883029,"y":0.6610751748085022,"z":-0.040686964988708499,"w":0.747826874256134},"size":121.628173828125,"orthographic":false}