{"cameraMode":{"drawMode":0,"name":"Shaded","section":"Shading Mode"},"sceneLighting":false,"audioPlay":false,"sceneViewState":{"showFog":true,"showMaterialUpdate":false,"showSkybox":false,"showFlares":true,"showImageEffects":true,"showParticleSystems":true},"in2DMode":false,"pivot":{"x":0.35606998205184939,"y":5.775803089141846,"z":0.24314969778060914},"rotation":{"x":0.4719528555870056,"y":0.17472557723522187,"z":-0.09606180340051651,"w":0.8588096499443054},"size":18.0858154296875,"orthographic":false}