{"cameraMode":{"drawMode":0,"name":"Shaded","section":"Shading Mode"},"sceneLighting":false,"audioPlay":false,"sceneViewState":{"showFog":true,"showMaterialUpdate":false,"showSkybox":false,"showFlares":true,"showImageEffects":true,"showParticleSystems":true},"in2DMode":false,"pivot":{"x":0.0,"y":0.3037465810775757,"z":0.4700491428375244},"rotation":{"x":0.002726235892623663,"y":-0.7159672379493713,"z":0.0027855285443365576,"w":0.6981499791145325},"size":8.638187408447266,"orthographic":false}