{"cameraMode":{"drawMode":0,"name":"Shaded","section":"Shading Mode"},"sceneLighting":false,"audioPlay":false,"sceneViewState":{"showFog":true,"showMaterialUpdate":false,"showSkybox":false,"showFlares":true,"showImageEffects":true,"showParticleSystems":true},"in2DMode":false,"pivot":{"x":0.9077587127685547,"y":1.9644193649291993,"z":0.010945945978164673},"rotation":{"x":0.12964938580989839,"y":0.7152808904647827,"z":-0.13801074028015138,"w":0.6727508306503296},"size":8.138082504272461,"orthographic":false}