{"cameraMode":{"drawMode":0,"name":"Shaded","section":"Shading Mode"},"sceneLighting":false,"audioPlay":false,"sceneViewState":{"showFog":true,"showMaterialUpdate":false,"showSkybox":false,"showFlares":true,"showImageEffects":true,"showParticleSystems":true},"in2DMode":false,"pivot":{"x":1.5878701210021973,"y":1.0339502096176148,"z":-0.9508699178695679},"rotation":{"x":-0.11371367424726486,"y":-0.728033185005188,"z":0.12460216879844666,"w":-0.6644769310951233},"size":6.273221969604492,"orthographic":false}